{
	"parent": "item/handheld",
	"textures": {
		"layer0": "item/diamond_sword"
	},
	"overrides": [
		{"predicate": {"custom_model_data": 1}, "model": "item/sword/1"},
		{"predicate": {"custom_model_data": 2}, "model": "item/sword/2"},
		{"predicate": {"custom_model_data": 3}, "model": "item/sword/3"},
		{"predicate": {"custom_model_data": 4}, "model": "item/sword/4"},
		{"predicate": {"custom_model_data": 5}, "model": "item/sword/5"},
		{"predicate": {"custom_model_data": 6}, "model": "item/sword/6"},
		{"predicate": {"custom_model_data": 7}, "model": "item/sword/7"},
		{"predicate": {"custom_model_data": 8}, "model": "item/sword/8"},
		{"predicate": {"custom_model_data": 9}, "model": "item/sword/9"},
		{"predicate": {"custom_model_data": 10}, "model": "item/sword/10"},
		{"predicate": {"custom_model_data": 11}, "model": "item/sword/11"},
		{"predicate": {"custom_model_data": 12}, "model": "item/sword/12"},
		{"predicate": {"custom_model_data": 13}, "model": "item/sword/13"},
		{"predicate": {"custom_model_data": 14}, "model": "item/sword/14"},
		{"predicate": {"custom_model_data": 15}, "model": "item/sword/15"},
		{"predicate": {"custom_model_data": 16}, "model": "item/sword/16"},
		{"predicate": {"custom_model_data": 17}, "model": "item/sword/17"},
		{"predicate": {"custom_model_data": 18}, "model": "item/sword/18"},
		{"predicate": {"custom_model_data": 19}, "model": "item/sword/19"},
		{"predicate": {"custom_model_data": 20}, "model": "item/sword/20"},
		{"predicate": {"custom_model_data": 21}, "model": "item/sword/21"},
		{"predicate": {"custom_model_data": 22}, "model": "item/sword/22"},
		{"predicate": {"custom_model_data": 23}, "model": "item/sword/23"},
		{"predicate": {"custom_model_data": 24}, "model": "item/sword/24"},
		{"predicate": {"custom_model_data": 25}, "model": "item/sword/25"},
		{"predicate": {"custom_model_data": 26}, "model": "item/sword/26"},
		{"predicate": {"custom_model_data": 27}, "model": "item/sword/27"},
		{"predicate": {"custom_model_data": 28}, "model": "item/sword/28"},
		{"predicate": {"custom_model_data": 29}, "model": "item/sword/29"},
		{"predicate": {"custom_model_data": 30}, "model": "item/sword/30"},
		{"predicate": {"custom_model_data": 31}, "model": "item/sword/31"},
		{"predicate": {"custom_model_data": 32}, "model": "item/sword/32"},
		{"predicate": {"custom_model_data": 33}, "model": "item/sword/33"},
		{"predicate": {"custom_model_data": 34}, "model": "item/sword/34"},
		{"predicate": {"custom_model_data": 35}, "model": "item/sword/35"},
		{"predicate": {"custom_model_data": 36}, "model": "item/sword/36"},
		{"predicate": {"custom_model_data": 37}, "model": "item/sword/37"},
		{"predicate": {"custom_model_data": 38}, "model": "item/sword/38"},
		{"predicate": {"custom_model_data": 39}, "model": "item/sword/39"},
		{"predicate": {"custom_model_data": 40}, "model": "item/sword/40"},
		{"predicate": {"custom_model_data": 41}, "model": "item/sword/41"},
		{"predicate": {"custom_model_data": 42}, "model": "item/sword/42"},
		{"predicate": {"custom_model_data": 43}, "model": "item/sword/43"},
		{"predicate": {"custom_model_data": 44}, "model": "item/sword/44"},
		{"predicate": {"custom_model_data": 45}, "model": "item/sword/45"},
		{"predicate": {"custom_model_data": 46}, "model": "item/sword/46"},
		{"predicate": {"custom_model_data": 47}, "model": "item/sword/47"},
		{"predicate": {"custom_model_data": 48}, "model": "item/sword/48"},
		{"predicate": {"custom_model_data": 49}, "model": "item/sword/49"},
		{"predicate": {"custom_model_data": 50}, "model": "item/sword/50"},
		{"predicate": {"custom_model_data": 51}, "model": "item/sword/51"},
		{"predicate": {"custom_model_data": 52}, "model": "item/sword/52"},
		{"predicate": {"custom_model_data": 53}, "model": "item/sword/53"},
		{"predicate": {"custom_model_data": 54}, "model": "item/sword/54"},
		{"predicate": {"custom_model_data": 55}, "model": "item/sword/55"},
		{"predicate": {"custom_model_data": 56}, "model": "item/sword/56"},
		{"predicate": {"custom_model_data": 57}, "model": "item/sword/57"},
		{"predicate": {"custom_model_data": 58}, "model": "item/sword/58"},
		{"predicate": {"custom_model_data": 59}, "model": "item/sword/59"},
		{"predicate": {"custom_model_data": 60}, "model": "item/sword/60"},
		{"predicate": {"custom_model_data": 61}, "model": "item/sword/61"},
		{"predicate": {"custom_model_data": 62}, "model": "item/sword/62"},
		{"predicate": {"custom_model_data": 63}, "model": "item/sword/63"},
		{"predicate": {"custom_model_data": 64}, "model": "item/sword/64"},
		{"predicate": {"custom_model_data": 65}, "model": "item/sword/65"},
		{"predicate": {"custom_model_data": 66}, "model": "item/sword/66"},
		{"predicate": {"custom_model_data": 67}, "model": "item/sword/67"},
		{"predicate": {"custom_model_data": 68}, "model": "item/sword/68"},
		{"predicate": {"custom_model_data": 69}, "model": "item/sword/69"},
		{"predicate": {"custom_model_data": 70}, "model": "item/sword/70"},
		{"predicate": {"custom_model_data": 71}, "model": "item/sword/71"},
		{"predicate": {"custom_model_data": 72}, "model": "item/sword/72"},
		{"predicate": {"custom_model_data": 73}, "model": "item/sword/73"},
		{"predicate": {"custom_model_data": 74}, "model": "item/sword/74"},
		{"predicate": {"custom_model_data": 75}, "model": "item/sword/75"},
		{"predicate": {"custom_model_data": 76}, "model": "item/sword/76"}		
	]
}
